{"cameraMode":{"drawMode":0,"name":"Shaded","section":"Shading Mode"},"sceneLighting":true,"audioPlay":false,"sceneViewState":{"m_AlwaysRefresh":false,"showFog":true,"showSkybox":true,"showFlares":true,"showImageEffects":true,"showParticleSystems":true,"showVisualEffectGraphs":true,"m_FxEnabled":true},"in2DMode":false,"pivot":{"x":-7.078150749206543,"y":8.301074981689454,"z":0.05766177177429199},"rotation":{"x":-0.14572235941886903,"y":0.4782765209674835,"z":-0.08079608529806137,"w":-0.8622906804084778},"size":16.195632934570314,"orthographic":false}